source,target,ligand_complex,receptor_complex,lr_means,cellphone_pvals,expr_prod,scaled_weight,lr_logfc,spec_weight,lrscore,specificity_rank,magnitude_rank
Activated T cells,Activated T cells,BTLA,CD247,0.04212866,0.0,0.0017052591,0.04303567925391666,0.17806455857572667,2.2322116,1.3193277,0.023963000769467675,
Activated T cells,Activated T cells,CCL17,ACKR1,0.052346237,0.0,-0.00258193,0.06636995622267418,0.578662557359114,0.26252994,,0.018252410494940953,
Activated T cells,Activated T cells,CCL20,CXCR3,0.042366,0.0,0.0012944257,0.05772107636330093,0.5986333956857515,0.3694893,1.3846682,0.011527635409946913,
Activated T cells,Activated T cells,CCL5,CXCR3,0.04854446,0.0,0.0020943729,0.0485448685162585,0.07802771105228007,0.16630268,1.2794263,0.038015714377330555,
Activated T cells,Activated T cells,CCL8,ACKR1,0.0451464,0.0,-0.004386191,0.05457555844626036,0.1923154419212758,1.9260741,,0.02230168284875311,
Activated T cells,Activated T cells,CSF1,CELSR3,0.08701082,0.0,-0.0012417757,0.11089876933481153,1.63510177199595,0.22931734,,0.02279784751917043,
Activated T cells,Activated T cells,CXCL13,CXCR3,0.05158006,0.0,0.0024874029,0.07887772656979122,0.9857405653604927,0.4023066,1.2506313,0.00793223276662123,
Activated T cells,Activated T cells,CXCL9,ACKR1,0.0474837,0.0,-0.0038004685,0.05857568716284239,0.39209240472951334,0.70143646,,0.011230574363837136,
Activated T cells,Activated T cells,LTF,IL1RL1,0.20534647,0.0,0.018697234,0.2441602699347003,2.8813723632896053,260.31332,1.0788597,0.0006905334002913338,
Activated T cells,Activated T cells,SORBS1,ITGA1,0.0499333,0.0,0.00081537163,0.08811849420784817,1.5765968931778633,0.21793139,1.538525,0.025018649034978004,
Activated T cells,Activated T cells,TNF,NOTCH1,0.041941684,0.0,0.0015799397,0.04243573414146285,0.28517984990818035,0.97316444,1.3359236,0.020794905972629143,
Activated T cells,Activated T cells,TNFSF9,TRAF2,0.04062313,0.0,-0.0023170765,0.042594674240048536,-0.02609275368942443,7.7575836,,0.0490010156848617,
Activated T cells,Macrophages,ADCYAP1,ADRB2,0.046405092,0.0,-0.0015129739,0.0979510988650958,1.896936884304547,0.38272715,,0.008949043975238092,
Activated T cells,Macrophages,COL1A1,CD36,0.19450584,0.0,0.03782659,0.19451558821301804,1.4381196496007662,0.28880194,1.0541742,0.015950509909653538,
Activated T cells,Macrophages,CSF1,CELSR3,0.07754044,0.0,-0.0046679038,0.08388848187380392,0.4496810017343331,0.8620166,,0.0082609867474259,
Activated T cells,Macrophages,CSF1,CSF3R,0.13908789,0.0,0.017598307,0.13939482461831645,1.0480953043886663,0.7216345,1.0814823,0.007070387620923245,
Activated T cells,Macrophages,TNF,FFAR2,0.03255307,0.0,0.0005410534,0.04744901353201447,0.644937368995596,0.5032418,1.7534437,0.017014919674224353,
Activated T cells,Macrophages,TNFSF9,HLA-DPA1,0.18440798,0.0,0.027477952,0.18550502486208986,0.841572521145932,1.2659844,1.0641646,0.007070387620923245,
Activated T cells,Macrophages,TNFSF9,TNFRSF9,0.047525346,0.0,-0.00088680245,0.053598489028649825,0.40997066029976414,0.35608125,,0.013008203777469408,
Activated T cells,Monocytes/DC,CCL17,ACKR1,0.08859883,0.0,-0.004075987,0.10419148829381153,0.5794588742035294,0.4144452,,0.007426758170314823,
Activated T cells,Monocytes/DC,CCL8,ACKR1,0.081398994,0.0,-0.006924299,0.09239709051739771,0.1931117587656912,3.0406141,,0.02223146902568723,
Activated T cells,Monocytes/DC,CD24,SIGLEC10,0.37524548,0.0,0.034833487,0.37733238345070885,1.3857035836118259,0.61113304,1.0565827,0.007070387620923245,
Activated T cells,Monocytes/DC,COL1A1,CD36,0.59690535,0.0,0.19632491,0.5969221565815235,2.140962993812535,1.4989196,1.0230781,0.007070387620923245,
Activated T cells,Monocytes/DC,CP,SLC40A1,0.28257304,0.0,-0.0050721536,0.3022275976861174,2.257309855046135,0.19192223,,0.02907568165472104,
Activated T cells,Monocytes/DC,CSF1,CELSR3,0.082856685,0.0,-0.0027446311,0.09905027070913443,1.0761632082441932,0.5068479,,0.007070387620923245,
Activated T cells,Monocytes/DC,CSF1,CSF3R,0.65463614,0.0,0.20410983,0.6562313150778625,3.21784044513866,8.369708,1.0226237,0.00016673631909763299,
Activated T cells,Monocytes/DC,CSF1_IL34,CSF1R,0.7737698,0.0,-0.01722384,0.7820695004410001,1.8629083267389732,0.32580602,,0.012821541994457406,
Activated T cells,Monocytes/DC,CSF2,CSF1R,0.78006715,0.0,0.002406051,0.8076528513631682,2.41597009273598,-0.02300109,1.2559085,0.0038084369995742334,
Activated T cells,Monocytes/DC,CSF2,CSF3R,0.5649647,0.0,0.0017419286,0.594069486488898,3.12991039223009,-0.022958927,1.3148847,0.008401531366021153,
Activated T cells,Monocytes/DC,CXCL1,CXCR2,0.1421188,0.0,-0.008719955,0.15466586528437679,0.7833210065377456,0.88526714,,0.007070387620923245,
Activated T cells,Monocytes/DC,CXCL2,CXCR1,0.068215266,0.0,-0.005046211,0.10092862617756114,1.2425235834211765,2.2313008,,0.007070387620923245,
Activated T cells,Monocytes/DC,CXCL8,CXCR1,0.057581387,0.0,-0.008591578,0.09024547219456691,0.8157656381951917,3.7655256,,0.007070387620923245,
Activated T cells,Monocytes/DC,CXCL9,ACKR1,0.0837363,0.0,-0.0059996434,0.09639721923397974,0.39288872157392873,1.1073289,,0.010980552814283935,
Activated T cells,Monocytes/DC,GAL,HLA-DPA1,0.6193358,0.0,-0.010207866,0.6186902201930612,0.07211974616567374,0.32443932,,0.03526230904922012,
Activated T cells,Monocytes/DC,IL6,FCGR3B,0.22974075,0.0,-0.009903267,0.26902408186211324,2.043642144627037,0.63396066,,0.007070387620923245,
Activated T cells,Monocytes/DC,PNOC,OPRL1,0.05793874,0.0,-0.0025306288,0.1229338131548473,1.2258328677808517,1.4102011,,0.007070387620923245,
Activated T cells,Monocytes/DC,SAA1,CD36,0.49814013,0.0,-0.0005870636,0.5192133411855255,1.9860013882917986,0.013511954,,0.021534664525168286,
Activated T cells,Monocytes/DC,SAA1,FPR1,0.60617876,0.0,-0.0007143131,0.627237165806436,2.675104856992264,0.013335567,,0.005343872141970507,
Activated T cells,Monocytes/DC,SCGB3A1,MARCO,0.41909894,0.0,-0.009245761,0.43650256281002353,2.0553833852112966,0.25446436,,0.019365802652883863,
Activated T cells,Monocytes/DC,TNF,FFAR2,0.1638129,0.0,0.015065463,0.23152906257869627,2.053692401873652,14.0126095,1.0886494,0.007070387620923245,
Activated T cells,Monocytes/DC,TNF,NOTCH1,0.06240775,0.0,0.0038445895,0.06290203705481762,-0.010803587402492765,2.3680763,1.1921735,0.04602650553684296,
Activated T cells,Monocytes/DC,TNFSF9,ADGRG5,0.050107848,0.0,-0.00035165792,0.052875213345494256,0.2329672201596158,0.9421251,,0.019365802652883863,
Activated T cells,Monocytes/DC,TNFSF9,HLA-DPA1,0.6752341,0.0,0.12918669,0.6763170936130791,1.4745425335268822,5.951984,1.0286034,0.004393129397550833,
Activated T cells,NK/Cytotoxic T cells,BTLA,CD247,0.16635834,0.0,0.014244806,0.16725854143362262,0.6123150779427032,18.646679,1.0913974,0.007070387620923245,
Activated T cells,NK/Cytotoxic T cells,CCL21,CCR7,0.049314566,0.0,-0.0029392613,0.05438619390409075,0.663079130340505,0.1819366,,0.03173540668891133,
Activated T cells,NK/Cytotoxic T cells,CSF1,CELSR3,0.078867026,0.0,-0.004187982,0.08767404444952541,0.7674901286440443,0.77339,,0.007070387620923245,
Activated T cells,NK/Cytotoxic T cells,TNF,NOTCH1,0.08057842,0.0,0.0058552437,0.08107646681985081,0.7326165692482813,3.6065397,1.1502438,0.007070387620923245,
Activated T cells,T cells (naive/memory),CCL21,CXCR3,0.040404,0.0,-0.0051241857,0.045477020187364964,0.5722753360155639,0.71092796,,0.018434553721850735,
Activated T cells,T cells (naive/memory),CSF1,CELSR3,0.07828502,0.0,-0.004398535,0.08601593180118947,0.6903924459444433,0.81227255,,0.007070387620923245,
Activated T cells,T cells (naive/memory),TNFSF9,ADGRG5,0.036714632,0.0,-0.0031269935,0.038954093158829826,0.37203297467135954,8.377514,,0.023888898000734578,
Activated T cells,T cells (naive/memory),TNFSF9,TNFRSF9,0.02443768,0.0,-0.0056710173,0.02726184781144677,0.14957844385309294,2.2771058,,0.03516329244747385,
Activated T cells,T cells (naive/memory),TNFSF9,TRAF2,0.03682714,0.0,-0.0031036795,0.038697135763328984,0.30925552207391194,10.391134,,0.024037275803365506,
Activated T cells,T cells (resting),ADCYAP1,ADRB2,0.015128251,0.0,-0.008203463,0.06657118474454748,1.5183780492645864,2.0751765,,0.00898453840458261,
Activated T cells,T cells (resting),CD40LG,CD40,0.0221311,0.0,-0.011508743,0.02215979602612214,0.06837015778361466,0.5699358,,0.044473008878835235,
Activated T cells,T cells (resting),CSF1,CELSR3,0.077508226,0.0,-0.004679558,0.08380633824978241,0.49799913532585327,0.86416876,,0.007070387620923245,
Activated T cells,T cells (resting),TNF,ICOS,0.025755534,0.0,-0.00021112048,0.026262080468350907,0.4496324230242479,0.1833642,,0.036568648218675025,
Activated T cells,T cells (resting),TNF,TRAF2,0.021712784,0.0,-0.0006584663,0.02322876168416427,0.40646358896670076,2.125262,,0.04182124540884363,
Activated T cells,T cells (resting),TNFSF9,ADGRG5,0.021681536,0.0,-0.0062421444,0.023324437279809745,0.11345916003900536,16.723299,,0.041708709326182265,
Activated T cells,T cells (resting),TNFSF9,TNFRSF9,0.046571866,0.0,-0.001084382,0.05251108950700724,0.7490106972161117,0.43541613,,0.013677608611117527,
Activated T cells,T cells (resting),TNFSF9,TRAF2,0.045854192,0.0,-0.001233098,0.047964881091258495,0.6450501864464275,4.1284184,,0.01650429578903939,
Macrophages,Activated T cells,ADM,ADRB2,0.06588252,0.0,0.0041178265,0.07013758707861963,0.5686475315659973,0.42856947,1.1844919,0.00793223276662123,
Macrophages,Activated T cells,CCL13,ACKR1,0.057620533,0.0,-0.001260206,0.07965580223442634,1.3211273057677073,0.16097455,,0.041260834624816674,
Macrophages,Activated T cells,CCL13,CCR5,0.030739782,0.0,-0.0007194935,0.048229117046132,0.9054433586109059,0.15302661,,0.045905582106474156,
Macrophages,Activated T cells,CCL18,ACKR1,0.079042986,0.0,0.0041082036,0.09003113622973928,0.8386691636539516,0.15486035,1.1847477,0.04482796296007679,
Macrophages,Activated T cells,CCL2,ACKR1,0.08325512,0.0,0.005163754,0.09657852863442667,1.1716147149782086,0.3486851,1.1615618,0.01144216674845369,
Macrophages,Activated T cells,CCL2,CCR5,0.05637437,0.0,0.002948159,0.06515184344613234,0.7559307678214071,0.33146915,1.2256085,0.0124542522394137,
Macrophages,Activated T cells,CCL3,CCR5,0.06749994,0.0,0.004539943,0.06749994371796741,0.1597918880624818,0.25425908,1.1741755,0.026188005141787915,
Macrophages,Activated T cells,CCL4,CCR5,0.024807215,0.0,-0.0015682919,0.024806240129809427,0.1111447174244985,4.5200377,,0.03961335681253027,
Macrophages,Activated T cells,CCL8,ACKR1,0.052901424,0.0,-0.0024428018,0.06808512375101682,0.651698769967334,1.0726887,,0.008565507505409058,
Macrophages,Activated T cells,CCL8,CCR5,0.026020676,0.0,-0.0013946767,0.036658438562722474,0.23601482281053254,1.019726,,0.025637319041181002,
Macrophages,Activated T cells,CXCL1,ACKR1,0.055893153,0.0,-0.0016930829,0.07634000892008293,0.9182378946299696,0.20738614,,0.026188005141787915,
Macrophages,Activated T cells,CXCL10,ACKR1,0.06990331,0.0,0.0018178248,0.08889558824581444,1.151682000492955,2.577849,1.3062071,0.007070387620923245,
Macrophages,Activated T cells,CXCL10,CCR3,-0.0012853947,0.0,-0.00024777694,0.022250196614368965,0.5687156428303166,0.3559391,,0.04423754674130848,
Macrophages,Activated T cells,CXCL11,ACKR1,0.05156505,0.0,-0.0027776938,0.06503168171833035,0.5287011923002312,0.39542586,,0.009345318675372598,
Macrophages,Activated T cells,CXCL11,CCR5,0.0246843,0.0,-0.0015858777,0.03360499653003601,0.1130172451434297,0.37590218,,0.03082938651703575,
Macrophages,Activated T cells,CXCL2,ACKR1,0.0889575,0.0,0.0065927557,0.09542032172472538,1.0424429413284786,0.2162068,1.1403763,0.02517225502473395,
Macrophages,Activated T cells,CXCL8,ACKR1,0.10689846,0.0,0.011088712,0.11506715461486514,1.380355996467014,0.36044866,1.1048696,0.010453177941748222,
Macrophages,Activated T cells,CXCL8,CXCR1,0.017972827,0.0,-0.0046508107,0.024165954426938693,-0.02051608923964654,2.0383618,,0.0478691823996825,
Macrophages,Activated T cells,CXCL9,ACKR1,0.055815347,0.0,-0.0017125802,0.07460502698265563,0.7907831381862036,0.3160837,,0.013532038905489608,
Macrophages,Activated T cells,IL1B,ADRB2,0.073986486,0.0,0.0054275077,0.07568433376783576,0.5589451271303445,0.48313478,1.1569635,0.007070387620923245,
Macrophages,Activated T cells,TNF,ICOS,0.052915845,0.0,-0.0016694708,0.05320993025626941,0.2792293115821436,1.4499832,,0.01639240266143219,
Macrophages,Macrophages,CCL2,CCR5,0.044952843,0.0,0.002006761,0.053730104090694175,0.7840868719342955,0.22562535,1.287194,0.023594204249323115,
Macrophages,Macrophages,CCL3,CCR5,0.056078415,0.0,0.003090261,0.056078204362529256,0.18794799217537017,0.17306978,1.2192098,0.03506448452130393,
Macrophages,Macrophages,CCL8,CCR5,0.014599148,0.0,-0.00094933243,0.025236699207284316,0.2641709269234209,0.6941099,,0.03864885631796889,
Macrophages,Macrophages,CD40LG,CD9,0.069914326,0.0,-0.012518524,0.06992290646414391,0.42220547481840986,0.29117483,,0.015517612081510895,
Macrophages,Macrophages,CSF1,CSF3R,0.066789165,0.0,0.0035305417,0.06705925750438158,0.28216537736043934,0.14477305,1.2022303,0.049895113484673966,
Macrophages,Macrophages,CXCL10,CCR3,0.0015490907,0.0,-0.0001655319,0.033163301928384833,1.1321884168880236,0.23779158,,0.02959372115446443,
Macrophages,Macrophages,CXCL11,CCR5,0.013262773,0.0,-0.0010794797,0.022183257174597855,0.14117334925631808,0.25587013,,0.04435516062590575,
Macrophages,Macrophages,FN1,CD79A,0.18278334,0.0,0.02478569,0.18277975101081181,1.021352615623873,0.22333789,1.0677898,0.023963000769467675,
Macrophages,Macrophages,LGALS3,LAG3,0.09686614,0.0,-0.0028278504,0.09691118960790021,0.5298626656120417,0.17758125,,0.03313169755402694,
Macrophages,Monocytes/DC,ADM,ADRB2,0.05892477,0.0,0.0034086918,0.06316077549612512,0.014318272042342706,0.35476515,1.2065531,0.04261538728310678,
Macrophages,Monocytes/DC,C3,C5AR2,0.2748291,0.0,0.018048024,0.31039727000168893,1.969209903291293,0.17673957,1.0803785,0.033416393642098495,
Macrophages,Monocytes/DC,CCL13,ACKR1,0.09387313,0.0,-0.0019894354,0.1174773343055637,1.3219236226121227,0.2541239,,0.01949258326186385,
Macrophages,Monocytes/DC,CCL13,CCR2,0.054745182,0.0,-0.0012023677,0.0722904198845832,0.08665380154647662,0.2225498,,0.03408781797208444,
Macrophages,Monocytes/DC,CCL13,CCR5,0.08935359,0.0,-0.0018985239,0.10684696141932218,0.48076899106249327,0.40379053,,0.007803517663108002,
Macrophages,Monocytes/DC,CCL18,ACKR1,0.115295574,0.0,0.006485452,0.12785266830087663,0.839465480498367,0.24447165,1.1416967,0.020728282378652468,
Macrophages,Monocytes/DC,CCL2,ACKR1,0.119507715,0.0,0.008151806,0.13440006070556404,1.172411031822624,0.5504548,1.1244814,0.007070387620923245,
Macrophages,Monocytes/DC,CCL2,CCR5,0.11498818,0.0,0.007779292,0.12376968781932252,0.3312564002729945,0.87464595,1.1278034,0.013102295284146089,
Macrophages,Monocytes/DC,CCL5,ACKR1,0.05349207,0.0,-0.017964493,0.059607274012125545,0.5100160673314038,0.8269719,,0.010898147528596887,
Macrophages,Monocytes/DC,CCL8,ACKR1,0.08915402,0.0,-0.0038563507,0.10590665582215417,0.6524950868117494,1.6934096,,0.007070387620923245,
Macrophages,Monocytes/DC,CD14,RIPK1,0.12967978,0.0,0.014792927,0.12977582230474566,0.04143892852778386,0.57809615,1.0895351,0.03939748071088263,
Macrophages,Monocytes/DC,CD24,SIGLEC10,0.3718246,0.0,0.030038867,0.37389170650095965,2.196502135977907,0.52701426,1.0611974,0.007070387620923245,
Macrophages,Monocytes/DC,CD40LG,CD9,0.41058668,0.0,-0.054775193,0.41056491370365183,0.7530666749754781,1.2740445,,0.007070387620923245,
Macrophages,Monocytes/DC,COL1A1,CD36,0.50829524,0.0,0.019659637,0.5083241292583117,1.4907562078333223,0.1500992,1.0767553,0.04774464475531389,
Macrophages,Monocytes/DC,CP,SLC40A1,0.2795983,0.0,-0.008487052,0.2923408672373635,1.773612285284253,0.32113656,,0.013196896310237351,
Macrophages,Monocytes/DC,CSF1,CSF3R,0.5823374,0.0,0.04094816,0.5838957479639276,2.451910518110433,1.6791162,1.0519589,0.007070387620923245,
Macrophages,Monocytes/DC,CSF1_IL34,CSF1R,0.7740953,0.0,-0.016209174,0.7843630957995531,2.0590978259657113,0.3066126,,0.013824349635053858,
Macrophages,Monocytes/DC,CSF2,CSF1R,0.7664936,0.0,-0.03990513,0.7761228508262458,1.4706234643182468,0.38148046,,0.009055843915432791,
Macrophages,Monocytes/DC,CSF2,CSF3R,0.5513912,0.0,-0.028890448,0.5625394859519756,2.1845637638123567,0.38078117,,0.009127573021997067,
Macrophages,Monocytes/DC,CXCL1,ACKR1,0.09214575,0.0,-0.0026728003,0.11416154099122028,0.919034211474385,0.32739195,,0.01277519213858561,
Macrophages,Monocytes/DC,CXCL1,CXCR2,0.14932925,0.0,-0.00421817,0.17540633245083573,1.8414672861645425,0.42823702,,0.007070387620923245,
Macrophages,Monocytes/DC,CXCL10,ACKR1,0.1061559,0.0,0.0028697252,0.1267171203169518,1.1524783173373705,4.069544,1.2293732,0.007070387620923245,
Macrophages,Monocytes/DC,CXCL11,ACKR1,0.08781765,0.0,-0.004385031,0.1028532137894677,0.5294975091446465,0.62424254,,0.007070387620923245,
Macrophages,Monocytes/DC,CXCL13,ACKR1,0.09362832,0.0,-0.0020862827,0.11269789482198513,0.7156542735641072,0.19562064,,0.028649202896777356,
Macrophages,Monocytes/DC,CXCL2,ACKR1,0.12521009,0.0,0.010407711,0.13324185379586273,1.043239258172894,0.3413168,1.1086129,0.011830551040564533,
Macrophages,Monocytes/DC,CXCL2,CXCR2,0.1823936,0.0,0.016425282,0.19448664525547818,1.9656723328630514,0.44645104,1.0845835,0.007070387620923245,
Macrophages,Monocytes/DC,CXCL8,ACKR1,0.14315104,0.0,0.017505294,0.15288868668600247,1.3811523133114294,0.56902546,1.0817162,0.007070387620923245,
Macrophages,Monocytes/DC,CXCL8,CXCR2,0.20033455,0.0,0.02762657,0.21413347814561792,2.303585388001587,0.7442998,1.0639807,0.007070387620923245,
Macrophages,Monocytes/DC,CXCL9,ACKR1,0.09206794,0.0,-0.0027035798,0.11242655905379298,0.791579455030619,0.49898836,,0.007070387620923245,
Macrophages,Monocytes/DC,FN1,C5AR1,0.86226153,0.0,0.39938086,0.8622741731345069,2.513947551282957,1.2822267,1.0160698,0.002634452151204461,
Macrophages,Monocytes/DC,GAL,HLA-DPA1,0.6199114,0.0,-0.00877244,0.6247695251471534,1.1068838128329594,0.2788168,,0.01656045667677857,
Macrophages,Monocytes/DC,IL1B,ADRB2,0.06702873,0.0,0.0044928314,0.06870752218534125,0.004615867606689861,0.3999337,1.1752459,0.04376942867061046,
Macrophages,Monocytes/DC,IL1B,IL1R2_IL1RAP,0.1232817,0.0,0.0120496275,0.1372701311809278,0.9133418751560516,0.6744805,1.1001737,0.007070387620923245,
Macrophages,Monocytes/DC,IL6,FCGR3B,0.23116598,0.0,-0.008534741,0.27151012452951134,2.1316521415639196,0.54635406,,0.007070387620923245,
Macrophages,Monocytes/DC,L1CAM,CD9,0.42716774,0.0,-0.025486654,0.43592634658449664,0.6538324506160715,0.4811348,,0.007070387620923245,
Macrophages,Monocytes/DC,PNOC,OPRL1,0.05242142,0.0,-0.004016653,0.11617583795303249,1.1175787579883671,2.2382927,,0.007070387620923245,
Macrophages,Monocytes/DC,S100A12,CD36,0.5267616,0.0,0.05647668,0.5339460907068826,1.9827419732972773,0.67742383,1.0439041,0.007070387620923245,
Macrophages,Monocytes/DC,S100A8,CD36,0.5583915,0.0,0.11953848,0.5584141707098921,1.9726548658945395,0.56774867,1.0297691,0.007070387620923245,
Macrophages,Monocytes/DC,S100A8,CD68,0.8798951,0.0,0.19664398,0.8798919149303007,1.96505882808213,0.5572972,1.023059,0.007070387620923245,
Macrophages,Monocytes/DC,S100A9,CD36,0.57390743,0.0,0.15047315,0.573941272010352,1.7997305329027766,0.5840236,1.0264477,0.007070387620923245,
Macrophages,Monocytes/DC,S100A9,CD68,0.895411,0.0,0.24753232,0.8954190162307607,1.792134495090367,0.57327265,1.0205011,0.007070387620923245,
Macrophages,Monocytes/DC,SAA1,CD36,0.4896604,0.0,-0.017493391,0.5031050195697605,1.6460269214068775,0.40263078,,0.007899905828453013,
Macrophages,Monocytes/DC,SAA1,FPR1,0.59769905,0.0,-0.021285186,0.6111288441906709,2.335130390107343,0.39737478,,0.007132558132222379,
Macrophages,Monocytes/DC,SCGB3A1,MARCO,0.4119333,0.0,-0.021414235,0.4229674999717021,1.687929076645285,0.58936846,,0.007070387620923245,
Macrophages,Monocytes/DC,TNFSF9,HLA-DPA1,0.6249556,0.0,0.003806466,0.6254789197309769,0.7447399576601956,0.1753743,1.193319,0.03360720768212959,
Macrophages,NK/Cytotoxic T cells,ADM,ADRB2,0.05484407,0.0,0.0029927865,0.05906685350226,1.020852596150342,0.31147912,1.2235426,0.013677608611117527,
Macrophages,NK/Cytotoxic T cells,BTLA,CD247,0.14285572,0.0,0.0009777043,0.14345380957766327,0.48563602107889425,1.2798307,1.4698327,0.0073653168607461785,
Macrophages,NK/Cytotoxic T cells,FN1,ITGA2,0.12123531,0.0,-0.009145628,0.12490406956087596,0.04155300459707012,0.1638137,,0.03950530816948426,
Macrophages,NK/Cytotoxic T cells,IL1B,ADRB2,0.06294803,0.0,0.0039446466,0.06461360019147612,1.0111501917146892,0.3511365,1.1892564,0.011230574363837136,
Macrophages,T cells (naive/memory),APOE,LRP8,0.11197507,0.0,-0.013400328,0.1151357553995583,0.090566351085971,0.27891254,,0.03389495951389369,
Macrophages,T cells (naive/memory),CCL20,CCR6,0.037600018,0.0,-0.0025551685,0.044896241836847095,0.13866149239185344,2.5854812,,0.02856447333436489,
Macrophages,T cells (naive/memory),CCL21,CCR7,0.05421216,0.0,-0.0038072604,0.05556708858673895,0.04859107655285588,0.23566467,,0.03843693711145802,
Macrophages,T cells (naive/memory),CCL4,CNR2,0.0849557,0.0,-0.0042055324,0.10876921423786762,1.0971860780212577,34.95762,,0.007070387620923245,
Macrophages,T cells (naive/memory),CD40LG,CD40,0.051195547,0.0,-0.010196665,0.05257052916595058,0.6774257541343197,0.50495917,,0.013628955538405109,
Macrophages,T cells (naive/memory),CXCL10,CCR3,-0.00017697318,0.0,-0.00021561513,0.02652023217491191,0.7785433565376711,0.30973765,,0.036466892041793084,
Macrophages,T cells (naive/memory),CXCL13,CXCR5,0.100553684,0.0,-0.0022323695,0.11674701049366144,1.006160913562511,0.22837542,,0.023013004637142995,
Macrophages,T cells (naive/memory),CXCL8,CD79A,0.36827573,0.0,0.057351567,0.37191998743059246,1.7864880753985801,0.7180171,1.0435532,0.007070387620923245,
Macrophages,T cells (naive/memory),FN1,CD79A,0.46185118,0.0,0.17863531,0.46186302735165125,1.7981690994412771,1.6096396,1.0242208,0.007070387620923245,
Macrophages,T cells (naive/memory),HLA-DQA1,LAG3,0.08457015,0.0,-0.011223567,0.08460448393230499,0.05567254422238954,0.46481735,,0.03718366456394365,
Macrophages,T cells (naive/memory),HLA-DRB1,LAG3,0.11036995,0.0,-0.013854464,0.11039808669428802,-0.0010100432209780297,0.46973303,,0.044709409734468394,
Macrophages,T cells (naive/memory),HLA-DRB5,LAG3,0.05372241,0.0,-0.008077914,0.05374879175736238,0.22233106879513898,0.3970849,,0.020135848992000178,
Macrophages,T cells (naive/memory),LGALS3,LAG3,0.07819115,0.0,-0.010573078,0.07821086430987848,0.16526813024019715,0.6639603,,0.025403988871652454,
Macrophages,T cells (resting),APOE,LRP8,0.11291138,0.0,-0.012889043,0.11642355160590076,0.05441724164852213,0.26827073,,0.037494065646128526,
Macrophages,T cells (resting),CCL21,CCR7,0.046805285,0.0,-0.0033936128,0.04815708462359142,0.10551847676175752,0.2100604,,0.03173540668891133,
Macrophages,T cells (resting),HLA-DPA1,LAG3,0.124382064,0.0,-0.004360544,0.12443935624483128,0.27054081646512884,0.14996141,,0.0478691823996825,
Macrophages,T cells (resting),HLA-DPB1,LAG3,0.12017566,0.0,-0.00422222,0.12022317760557423,0.26314843187637443,0.15678038,,0.04365298196775681,
Macrophages,T cells (resting),HLA-DQA1,LAG3,0.101842485,0.0,-0.0036193486,0.10189950299616396,0.3855189418398719,0.14989318,,0.0481189884313564,
Macrophages,T cells (resting),HLA-DRA,LAG3,0.14836323,0.0,-0.005149145,0.14841098170872907,0.27126266518763126,0.15708326,,0.04342078576978142,
Macrophages,T cells (resting),HLA-DRB1,LAG3,0.12764229,0.0,-0.0044677537,0.12769310575814702,0.3288363543965043,0.15147838,,0.04700251413658425,
Macrophages,T cells (resting),LGALS3,LAG3,0.09546349,0.0,-0.0034095806,0.09550588337373746,0.4951145278576795,0.21411233,,0.025403988871652454,
Monocytes/DC,Activated T cells,ADM,ADRB2,0.34879676,0.0,0.04983959,0.3697846647206214,1.7484763856401173,5.1871357,1.0468688,0.002569367284473698,
Monocytes/DC,Activated T cells,ADM,RAMP1,0.2922923,0.0,-0.01986301,0.3197687758340889,1.4469395139374988,0.8045699,,0.007070387620923245,
Monocytes/DC,Activated T cells,APOE,LRP8,0.55746925,0.0,0.006561286,0.5711245655929338,1.7427264198191303,-0.13656567,1.14076,0.048320127492986045,
Monocytes/DC,Activated T cells,C3,CR2,0.50062215,0.0,0.00045869828,0.5113133160355351,2.2123628312238104,-0.014839025,1.875033,0.020362319686690968,
Monocytes/DC,Activated T cells,CCL13,CXCR3,0.04410296,0.0,0.0015193156,0.10475689427852296,1.6623738504168712,0.3347597,1.3448486,0.012363676235137445,
Monocytes/DC,Activated T cells,CCL18,ACKR1,0.39776474,0.0,0.08397903,0.4453092887573422,2.899448761799451,3.1656227,1.0357221,0.0022837188045170625,
Monocytes/DC,Activated T cells,CCL18,CCR3,0.32657605,0.0,-0.0114466855,0.3786638971258967,2.3164824041368126,0.43709657,,0.007070387620923245,
Monocytes/DC,Activated T cells,CCL2,ACKR1,0.28127986,0.0,0.054788236,0.3249145337617025,2.2396770810662536,3.6996033,1.0446054,0.004185511364281094,
Monocytes/DC,Activated T cells,CCL2,CCR3,0.21009117,0.0,-0.0074678604,0.258269142130257,1.6567107234036151,0.51082647,,0.007070387620923245,
Monocytes/DC,Activated T cells,CCL2,CCR5,0.25439912,0.0,0.031280424,0.29348784857340815,1.8239931339094522,3.5169396,1.0598972,0.006141791845190716,
Monocytes/DC,Activated T cells,CCL20,CXCR3,0.065996215,0.0,0.004353914,0.0897400783519375,0.4432240024618348,1.2428095,1.1785148,0.008599855362116176,
Monocytes/DC,Activated T cells,CCL3,CCR3,0.32571733,0.0,-0.0114173535,0.33479837724318157,0.7547370837236234,0.38902405,,0.008634306417104831,
Monocytes/DC,Activated T cells,CCL3,CCR5,0.37002528,0.0,0.047823563,0.37001708368633274,0.9220194942294604,2.678354,1.0478933,0.007070387620923245,
Monocytes/DC,Activated T cells,CCL7,CXCR3,0.055470485,0.0,0.00299111,0.11422784721953093,1.5892671622113383,0.57851875,1.2236193,0.007070387620923245,
Monocytes/DC,Activated T cells,CCL8,CCR2,0.08684369,0.0,-0.0009856914,0.1712101236183574,1.8838190426522012,0.6271924,,0.007070387620923245,
Monocytes/DC,Activated T cells,CXCL10,ACKR1,0.17155883,0.0,0.027292432,0.23015085348370845,1.9873605180766631,38.70327,1.0643964,0.007070387620923245,
Monocytes/DC,Activated T cells,CXCL10,CCR3,0.10037013,0.0,-0.00372007,0.163505461852263,1.4043941604140247,5.343993,,0.007070387620923245,
Monocytes/DC,Activated T cells,CXCL11,CXCR3,0.06883451,0.0,0.0047213985,0.15581065739192546,2.206716057600408,1.1593668,1.1702204,0.007070387620923245,
Monocytes/DC,Activated T cells,CXCL2,ACKR1,0.40396622,0.0,0.085533105,0.41904367840513396,2.1591913423888083,2.8050241,1.0353845,0.0030072677526419346,
Monocytes/DC,Activated T cells,CXCL2,CXCR1,0.3150406,0.0,-0.035874166,0.3281424782172075,0.7583192566821477,15.862603,,0.007070387620923245,
Monocytes/DC,Activated T cells,CXCL8,ACKR1,0.4134007,0.0,0.08789737,0.4342593848485128,2.0347873880710603,2.857184,1.0348887,0.0029096083913347165,
Monocytes/DC,Activated T cells,CXCL8,CXCR1,0.32447508,0.0,-0.03686578,0.3433581846605863,0.6339153023643997,16.15757,,0.007070387620923245,
Monocytes/DC,Activated T cells,CXCL9,CXCR3,0.09611809,0.0,0.008253902,0.17557521326900993,1.8603846468853245,2.6277256,1.1236137,0.007070387620923245,
Monocytes/DC,Activated T cells,FN1,ITGA2,0.47185135,0.0,-0.002140435,0.496732781006755,2.1098939847427682,0.03833881,,0.02304417460831243,
Monocytes/DC,Activated T cells,IL1B,ADRB2,0.38172993,0.0,0.05516192,0.38892352673726344,1.9106269495616868,4.910291,1.0444473,0.0019945438499571386,
Monocytes/DC,Activated T cells,LTF,IL1RL1,0.23180068,0.0,0.037667308,0.27679018817462264,3.0146486482867956,524.4253,1.0542948,0.00039954167416243947,
Monocytes/DC,Activated T cells,PSAP,CD1B,0.6760339,0.0,-0.027178636,0.6874521823222717,1.0952777102383868,0.41498664,,0.007395989664086299,
Monocytes/DC,Activated T cells,SCGB3A1,NOTCH3,0.0395075,0.0,0.00094878604,0.10948973621038709,1.926744572964938,0.18581635,1.4803525,0.0305614035798237,
Monocytes/DC,Macrophages,APOE,LRP8,0.5493837,0.0,-0.011372877,0.5599638055518878,1.5922881644698763,0.23671344,,0.021952270365013394,
Monocytes/DC,Macrophages,C3,C5AR2,0.5123257,0.0,0.023884244,0.5184659279197184,2.305066637102126,0.23389219,1.0691448,0.0186628490475871,
Monocytes/DC,Macrophages,C3,CR2,0.48281536,0.0,-0.03518287,0.48820381779369404,1.6747055862944331,1.1381762,,0.007070387620923245,
Monocytes/DC,Macrophages,CCL18,CCR3,0.32941052,0.0,-0.0076471665,0.3895770024399126,2.8799551781945194,0.2920103,,0.015357569288654246,
Monocytes/DC,Macrophages,CCL2,CCR2,0.2303737,0.0,0.0102696465,0.26949254510370463,1.678992785493726,1.0048416,1.1094202,0.007070387620923245,
Monocytes/DC,Macrophages,CCL2,CCR3,0.21292566,0.0,-0.00498904,0.2691822474442729,2.2201834974613224,0.3412669,,0.011874307077256445,
Monocytes/DC,Macrophages,CCL2,CCR5,0.2429776,0.0,0.021292046,0.28206610921797,1.8521492380223405,2.3939202,1.0735337,0.006571329426942541,
Monocytes/DC,Macrophages,CCL20,CCR6,0.017059512,0.0,-0.0022286226,0.04080126088907485,0.16317073168641794,2.2550616,,0.025793762944679072,
Monocytes/DC,Macrophages,CCL21,CCR7,0.08908118,0.0,-0.0237173,0.09772704425788488,0.7393566507106115,1.4680712,,0.007070387620923245,
Monocytes/DC,Macrophages,CCL3,CCR3,0.3285518,0.0,-0.007627571,0.34571148255719747,1.3182098577813304,0.25989458,,0.018741150954676808,
Monocytes/DC,Macrophages,CCL3,CCR5,0.35860375,0.0,0.032552674,0.35859534433089457,0.9501755983423488,1.8231094,1.0586457,0.007070387620923245,
Monocytes/DC,Macrophages,CCL8,ACKR1,0.085647605,0.0,-0.001414339,0.1716415992057875,1.9275713221376103,0.62106776,,0.007070387620923245,
Monocytes/DC,Macrophages,CD14,RIPK1,0.7898749,0.0,0.021014424,0.7899421748504382,1.670006523420286,0.8212275,1.0740535,0.007070387620923245,
Monocytes/DC,Macrophages,COL1A1,CD36,0.34457293,0.0,0.095473416,0.34458715981180543,1.604847583323282,0.7289293,1.0334287,0.007070387620923245,
Monocytes/DC,Macrophages,CXCL1,CXCR1,0.025244685,0.0,0.0001283207,0.10865456373631091,2.1561016570076363,0.21192807,8.498301,0.025793762944679072,
Monocytes/DC,Macrophages,CXCL10,CCR3,0.10320462,0.0,-0.0024852604,0.17441856716627885,1.9678669344717317,3.570152,,0.007070387620923245,
Monocytes/DC,Macrophages,CXCL2,CXCR2,0.35108992,0.0,0.013342832,0.3643380090578384,1.6812496664897894,0.3626678,1.0947239,0.010294799319983072,
Monocytes/DC,Macrophages,CXCL8,CD79A,0.39571014,0.0,0.0630774,0.4120289413234006,1.6641029831852223,0.78970206,1.0414456,0.007070387620923245,
Monocytes/DC,Macrophages,CXCL8,CXCR2,0.36052442,0.0,0.013711647,0.37955371550121725,1.5568457121720414,0.36941162,1.0933217,0.009754610577655844,
Monocytes/DC,Macrophages,CXCL9,ACKR1,0.059803177,0.0,-0.001006357,0.14090912036472084,1.8214139611354998,0.18573907,,0.030650536305453342,
Monocytes/DC,Macrophages,CXCL9,KIR2DL3,0.07312237,0.0,0.0023900212,0.15372226978262668,1.8944327568067245,0.7372559,1.2569854,0.007070387620923245,
Monocytes/DC,Macrophages,FN1,C5AR1,0.54527193,0.0,0.1367662,0.5452616747749638,1.8737306622084555,0.43909276,1.0277772,0.007070387620923245,
Monocytes/DC,Macrophages,FN1,CD79A,0.5179415,0.0,0.085058875,0.517930361548513,1.6484429750794276,0.76644504,1.0354866,0.007070387620923245,
Monocytes/DC,Macrophages,FN1,ITGA2,0.45985624,0.0,-0.02483438,0.46826484576526517,1.207129686801581,0.4448258,,0.007070387620923245,
Monocytes/DC,Macrophages,HLA-DPA1,LAG3,0.61661077,0.0,-0.017003156,0.6166567312299832,0.9382589666004413,0.5847475,,0.007070387620923245,
Monocytes/DC,Macrophages,HLA-DPB1,LAG3,0.5621094,0.0,-0.015516709,0.5621651846061638,0.8350570626060796,0.5761697,,0.007070387620923245,
Monocytes/DC,Macrophages,HLA-DQA1,LAG3,0.53211576,0.0,-0.014698673,0.532159837085571,0.9992933873710932,0.6087368,,0.007070387620923245,
Monocytes/DC,Macrophages,HLA-DQB1,LAG3,0.5456659,0.0,-0.015068235,0.5457328978993421,0.892531552634737,0.5498653,,0.007070387620923245,
Monocytes/DC,Macrophages,HLA-DRA,LAG3,0.64827013,0.0,-0.01786662,0.6483305757245791,0.8858845664161064,0.54505104,,0.007070387620923245,
Monocytes/DC,Macrophages,HLA-DRB1,LAG3,0.66823334,0.0,-0.018411089,0.6682800223853275,1.0368340693357712,0.6242246,,0.007070387620923245,
Monocytes/DC,Macrophages,HLA-DRB5,LAG3,0.46306401,0.0,-0.012815384,0.46312119511374694,1.0965755617042139,0.62996405,,0.007070387620923245,
Monocytes/DC,Macrophages,IL10,CD70,0.198382,0.0,-0.012954013,0.24271690342777988,1.000433310242379,0.95035374,,0.007070387620923245,
Monocytes/DC,Macrophages,LGALS3,LAG3,0.42338,0.0,-0.011733058,0.4234095344345639,0.7986684784337658,0.7368039,,0.007070387620923245,
Monocytes/DC,Macrophages,PSAP,CD1B,0.692155,0.0,0.017053729,0.7199500242349272,1.9237576854240659,-0.2603909,1.08288,0.027196544974421498,
Monocytes/DC,Macrophages,S100A12,CD36,0.3211162,0.0,0.086462736,0.34878472995800375,2.4213669784889387,1.0370992,1.0351871,0.007070387620923245,
Monocytes/DC,Macrophages,S100A8,CD36,0.5537965,0.0,0.17584464,0.5538089559258351,2.571204813074086,0.83517504,1.0244169,0.007070387620923245,
Monocytes/DC,Macrophages,S100A8,CD68,0.5903639,0.0,0.2428012,0.5903552307449748,2.35810967764379,0.6881087,1.020704,0.007070387620923245,
Monocytes/DC,Macrophages,S100A9,CD36,0.6669403,0.0,0.21930772,0.6669706897909635,2.5858657522221744,0.85118765,1.0218083,0.00307856213324111,
Monocytes/DC,Macrophages,S100A9,CD68,0.70350766,0.0,0.30281377,0.7035169646101032,2.372770616791878,0.7013016,1.0184991,0.0048998963651745095,
Monocytes/DC,Macrophages,THBS1,CD36,0.38531783,0.0,0.11112517,0.39959169960191604,2.5710550699676062,0.8760378,1.0309097,0.007070387620923245,
Monocytes/DC,Monocytes/DC,ADM,ADRB2,0.341839,0.0,0.041256666,0.3628078531381269,1.1941471261164627,4.293854,1.0517542,0.007070387620923245,
Monocytes/DC,Monocytes/DC,C3,C5AR2,0.75768554,0.0,0.5149896,0.7932463072008678,3.7497470096674954,5.043159,1.0141244,0.00018736619292498201,
Monocytes/DC,Monocytes/DC,CCL18,ACKR1,0.43401733,0.0,0.13257425,0.4831308208284796,2.9002450786438665,4.9974384,1.0282253,0.0007500416469790696,
Monocytes/DC,Monocytes/DC,CCL18,CCR3,0.3328965,0.0,-0.002974365,0.40300068004583406,3.16988612193616,0.11357739,,0.03434193488764655,
Monocytes/DC,Monocytes/DC,CCL2,ACKR1,0.31753248,0.0,0.086491935,0.3627360658328398,2.240473397910669,5.840411,1.0351809,0.002877524028271915,
Monocytes/DC,Monocytes/DC,CCL2,CCR2,0.27840453,0.0,0.052273676,0.31754915141185935,1.005203576845023,5.1147585,1.0457141,0.007070387620923245,
Monocytes/DC,Monocytes/DC,CCL2,CCR5,0.31301293,0.0,0.0825395,0.3521056929465983,1.3993187663610396,9.28013,1.0360435,0.005581727113134433,
Monocytes/DC,Monocytes/DC,CCL21,CXCR3,0.09322141,0.0,-0.021506475,0.10186752176678682,-0.003934715125256338,2.9838018,,0.04518503756983197,
Monocytes/DC,Monocytes/DC,CCL3,CCR5,0.42863908,0.0,0.12619178,0.4286349280595229,0.4973451266810478,7.0673585,1.0289507,0.007070387620923245,
Monocytes/DC,Monocytes/DC,CD14,RIPK1,0.82551265,0.0,0.13265558,0.825616690693326,1.2828512474770988,5.1840777,1.0282164,0.007070387620923245,
Monocytes/DC,Monocytes/DC,CD24,SIGLEC10,0.38102555,0.0,0.042934626,0.3831439342281581,1.032965043198376,0.7532627,1.0506811,0.007070387620923245,
Monocytes/DC,Monocytes/DC,CD40LG,CD9,0.35725272,0.0,-0.14898357,0.3572325470237044,0.1441939034365085,3.4652858,,0.027727476157520303,
Monocytes/DC,Monocytes/DC,COL1A1,CD36,0.74697244,0.0,0.49551943,0.746993728180311,2.3076909275350506,3.7832375,1.0144032,0.0014906640078019358,
Monocytes/DC,Monocytes/DC,CSF1,CSF3R,0.61779404,0.0,0.12096564,0.6193629011186634,1.7214916805577516,4.960305,1.0295877,0.001640590692293386,
Monocytes/DC,Monocytes/DC,CSF1_IL34,CSF1R,0.77482235,0.0,-0.013942914,0.789475423183943,2.2682003603031777,0.26374403,,0.007132558132222379,
Monocytes/DC,Monocytes/DC,CSF2,CSF1R,0.7641792,0.0,-0.04711951,0.7707488831100805,1.0268777116661756,0.45044765,,0.007070387620923245,
Monocytes/DC,Monocytes/DC,CSF2,CSF3R,0.5490768,0.0,-0.0341135,0.5571655182358103,1.7408180111602856,0.44962195,,0.007070387620923245,
Monocytes/DC,Monocytes/DC,CXCL1,CXCR1,0.1072533,0.0,0.007969185,0.21262676442093148,3.098673193990294,13.161509,1.1260785,0.005343872141970507,
Monocytes/DC,Monocytes/DC,CXCL1,CXCR2,0.179988,0.0,0.014923367,0.2636046035559823,3.4651771335379244,-1.5150498,1.089108,0.00688616152019845,
Monocytes/DC,Monocytes/DC,CXCL10,ACKR1,0.20781143,0.0,0.04308544,0.2679723855548458,1.9881568349210785,61.099262,1.0505878,0.007070387620923245,
Monocytes/DC,Monocytes/DC,CXCL10,CCR3,0.106690586,0.0,-0.0009666419,0.1878422447722003,2.257797878213372,1.3886104,,0.007070387620923245,
Monocytes/DC,Monocytes/DC,CXCL10,CXCR3,0.0686342,0.0,-0.017545449,0.12268248282083608,0.44993860312214295,42.91799,,0.008227659561456492,
Monocytes/DC,Monocytes/DC,CXCL2,ACKR1,0.4402188,0.0,0.1350276,0.45686521047627127,2.1599876592332237,4.4281764,1.0279605,0.0010621092611651597,
Monocytes/DC,Monocytes/DC,CXCL2,CXCR1,0.42466763,0.0,0.113796055,0.4671321628008359,2.71591679437575,-50.317593,1.0305336,0.03026226207377543,
Monocytes/DC,Monocytes/DC,CXCL2,CXCR2,0.4974023,0.0,0.21309836,0.5181100019358867,3.082420733923381,5.792167,1.0221307,0.0004954053715576851,
Monocytes/DC,Monocytes/DC,CXCL8,ACKR1,0.4496533,0.0,0.13875996,0.47208091691965015,2.0355837049154757,4.5105186,1.0275714,0.001013095142703044,
Monocytes/DC,Monocytes/DC,CXCL8,CXCR1,0.43410212,0.0,0.11694155,0.48234786924421474,2.591512840058002,-51.253254,1.0301077,0.025560723956913656,
Monocytes/DC,Monocytes/DC,CXCL8,CXCR2,0.5068368,0.0,0.21898872,0.5333257083792655,2.958016779605633,5.8998733,1.0218245,0.0004659203296386332,
Monocytes/DC,Monocytes/DC,FN1,C5AR1,1.1974196,0.0,1.3705847,1.1974247836722083,3.141037910738512,4.4003115,1.0086108,0.00013422692902960817,
Monocytes/DC,Monocytes/DC,FN1,ITGA2,0.46568197,0.0,-0.013812488,0.4820931808216424,1.6028867285985258,0.24740505,,0.02033189638112484,
Monocytes/DC,Monocytes/DC,GAL,HLA-DPA1,0.6217894,0.0,-0.004089208,0.6445961968324393,2.200401634079636,0.12996839,,0.00997531043201773,
Monocytes/DC,Monocytes/DC,HLA-DRB5,LAG3,0.4427174,0.0,-0.051057495,0.4427487403120559,-0.01635947969495577,2.5098262,,0.047248922595192755,
Monocytes/DC,Monocytes/DC,IL10,CD70,0.20133416,0.0,-0.010432306,0.24660879686959655,0.6637441195025833,0.76535213,,0.007070387620923245,
Monocytes/DC,Monocytes/DC,IL1B,ADRB2,0.37477216,0.0,0.045662433,0.38194671515476897,1.3562976900380321,4.0646853,1.0490686,0.006681689323488612,
Monocytes/DC,Monocytes/DC,IL1B,IL1R2_IL1RAP,0.43102515,0.0,0.122465156,0.4505093241503555,2.265023697587394,6.855014,1.0294007,0.001029263644934202,
Monocytes/DC,Monocytes/DC,L1CAM,CD9,0.4224654,0.0,-0.03379277,0.4283392355398011,0.11383120009866765,0.63793695,,0.0305614035798237,
Monocytes/DC,Monocytes/DC,NTNG2,LRRC4,0.05110524,0.0,0.0017647265,0.14204667949296917,1.911001343085017,0.252106,1.3122072,0.019748010924045586,
Monocytes/DC,Monocytes/DC,PSAP,CD1B,0.7077785,0.0,0.059920773,0.7514465115432952,2.07866056748351,-0.91492164,1.0425692,0.016247282098893704,
Monocytes/DC,Monocytes/DC,S100A12,CD36,0.7235157,0.0,0.44875285,0.7511912983265092,3.124210322700707,5.38268,1.0151463,0.0005800009062477192,
Monocytes/DC,Monocytes/DC,S100A8,CD36,0.95619607,0.0,0.91265655,0.9562155242943405,3.274048157285855,4.334667,1.0105729,3.999271605204826e-05,
Monocytes/DC,Monocytes/DC,S100A8,CD68,1.2776996,0.0,1.5013443,1.2776932685147493,3.2664521194734455,4.2548723,1.0082242,7.105731186934953e-05,
Monocytes/DC,Monocytes/DC,S100A9,CD36,1.0693398,0.0,1.1382356,1.069377258159469,3.288709096433943,4.417774,1.0094569,1.7784756270161076e-05,
Monocytes/DC,Monocytes/DC,S100A9,CD68,1.3908434,0.0,1.8724278,1.3908550023798776,3.2811130586215334,4.33645,1.007358,2.778069993136873e-05,
Monocytes/DC,Monocytes/DC,SAA1,CD36,0.52852106,0.0,0.059984613,0.5769145992126157,2.6140754715635603,-1.3806157,1.0425456,0.011025428073054648,
Monocytes/DC,Monocytes/DC,SAA1,FPR1,0.6365597,0.0,0.07298663,0.6849384238335261,3.3031789402640257,-1.3625929,1.0384176,0.0024251843743561662,
Monocytes/DC,Monocytes/DC,SCGB3A1,MARCO,0.4566671,0.0,0.05455152,0.5074456520138193,3.0687934474471605,-1.5013819,1.0447063,0.02094456543302373,
Monocytes/DC,Monocytes/DC,SCGB3A1,NOTCH3,0.07907962,0.0,0.0060335877,0.1712890976660801,2.2602062218508157,1.1816566,1.1476763,0.007070387620923245,
Monocytes/DC,Monocytes/DC,THBS1,CD36,0.78771734,0.0,0.5767541,0.8019982679704215,3.2738984141793748,4.5467496,1.0133364,0.00013422692902960817,
Monocytes/DC,Monocytes/DC,TNF,FFAR2,0.17661653,0.0,0.022038292,0.24441626029264757,0.8119074626370644,20.49814,1.0721873,0.007070387620923245,
Monocytes/DC,Monocytes/DC,TNFSF9,HLA-DPA1,0.6432545,0.0,0.049438734,0.6439856550377051,0.19778454232322407,2.2777777,1.0470674,0.02181366135618062,
Monocytes/DC,NK/Cytotoxic T cells,ADM,ADRB2,0.3377583,0.0,0.036222808,0.35871393114426176,2.200681450224462,3.7699475,1.0554262,0.0030735538079285393,
Monocytes/DC,NK/Cytotoxic T cells,APOE,LRP8,0.55133,0.0,-0.007056,0.5626496216065968,1.7783901202679089,0.14686258,,0.04199825915033799,
Monocytes/DC,NK/Cytotoxic T cells,C3,CR2,0.48513222,0.0,-0.030545486,0.49121047305080456,1.7460868367774334,0.9881555,,0.007070387620923245,
Monocytes/DC,NK/Cytotoxic T cells,CCL18,CCR3,0.323645,0.0,-0.0153756505,0.36737589359882605,1.0761309111791388,0.5871257,,0.007070387620923245,
Monocytes/DC,NK/Cytotoxic T cells,CCL2,CCR3,0.20716012,0.0,-0.010031132,0.2469811386031863,0.41635923044594136,0.6861627,,0.009868531830076549,
Monocytes/DC,NK/Cytotoxic T cells,CCL20,CCR6,0.026347958,0.0,-0.0009792222,0.05009151030765976,0.6456263274432075,0.99083906,,0.015198767665192814,
Monocytes/DC,NK/Cytotoxic T cells,CCL21,CCR7,0.12150979,0.0,-0.006400852,0.13015452575779654,0.896344562102452,0.39620474,,0.0082609867474259,
Monocytes/DC,NK/Cytotoxic T cells,CCL21,CXCR3,0.13012874,0.0,-0.001798444,0.13877221782055346,0.8786299028708762,0.24951556,,0.020135848992000178,
Monocytes/DC,NK/Cytotoxic T cells,CCL7,ACKR1,0.0036033317,0.0,-0.0018018476,0.06333654039107407,1.375507582906521,0.20203824,,0.02748000301962687,
Monocytes/DC,NK/Cytotoxic T cells,CCL8,ACKR1,0.070095375,0.0,-0.0069878954,0.15541638528161977,1.7527824285826177,3.0685406,,0.007070387620923245,
Monocytes/DC,NK/Cytotoxic T cells,CCL8,CCR2,0.08418167,0.0,-0.0019396978,0.16854745609184116,2.0821477982931005,1.2342235,,0.007070387620923245,
Monocytes/DC,NK/Cytotoxic T cells,CCL8,CCR5,0.0628898,0.0,-0.009570205,0.1472318820750589,1.7839524410989631,6.99731,,0.007070387620923245,
Monocytes/DC,NK/Cytotoxic T cells,CD14,RIPK1,0.7895037,0.0,0.019851517,0.789571280018238,1.950445320911653,0.775782,1.076355,0.007070387620923245,
Monocytes/DC,NK/Cytotoxic T cells,CXCL1,CXCR1,0.027398031,0.0,0.00033420272,0.11138429971161956,2.2317205037629515,0.55195254,2.206198,0.007070387620923245,
Monocytes/DC,NK/Cytotoxic T cells,CXCL10,CCR3,0.09743908,0.0,-0.0049969484,0.1522174583251923,0.16404266745635088,7.1782675,,0.025637319041181002,
Monocytes/DC,NK/Cytotoxic T cells,CXCL10,CXCR3,0.10554154,0.0,-0.0014672094,0.15958717887460272,1.3325032211182755,3.588947,,0.007070387620923245,
Monocytes/DC,NK/Cytotoxic T cells,CXCL11,ACKR1,0.016967356,0.0,-0.0028441749,0.10491935056346861,1.9929564782955906,0.40488997,,0.007708014236864886,
Monocytes/DC,NK/Cytotoxic T cells,CXCL11,CCR5,0.0097617805,0.0,-0.0038952122,0.09673484735690777,2.024126490811936,0.923286,,0.007070387620923245,
Monocytes/DC,NK/Cytotoxic T cells,CXCL2,CXCR2,0.36900955,0.0,0.037807893,0.38317003469171335,1.7810535320593637,1.0276458,1.0541884,0.007070387620923245,
Monocytes/DC,NK/Cytotoxic T cells,CXCL8,CXCR2,0.37844405,0.0,0.038852956,0.3983857411350922,1.6566495777416157,1.046755,1.0534154,0.007070387620923245,
Monocytes/DC,NK/Cytotoxic T cells,CXCL9,ACKR1,0.04425094,0.0,-0.0049721585,0.12468390644055309,1.6466250675805072,0.9176903,,0.007070387620923245,
Monocytes/DC,NK/Cytotoxic T cells,CXCL9,KIR2DL3,0.15452385,0.0,0.0231473,0.23681189022933247,2.9846414344888395,7.1403055,1.0703137,0.007070387620923245,
Monocytes/DC,NK/Cytotoxic T cells,FN1,ITGA2,0.45639345,0.0,-0.031385724,0.46005468009857714,0.6686433640526248,0.56217146,,0.007070387620923245,
Monocytes/DC,NK/Cytotoxic T cells,IL1B,ADRB2,0.37069148,0.0,0.040091015,0.3778527931609038,2.3628320141460315,3.5687401,1.0525405,0.0022563610457475985,
Monocytes/DC,T cells (naive/memory),ADM,RAMP1,0.27724874,0.0,-0.038420405,0.29806866927948167,0.5669928205220143,1.5562547,,0.007070387620923245,
Monocytes/DC,T cells (naive/memory),APOE,LRP8,0.5299711,0.0,-0.054430846,0.5331698183109164,0.9454450683209985,1.132916,,0.007070387620923245,
Monocytes/DC,T cells (naive/memory),BTLA,CD79A,0.29334155,0.0,-0.039771117,0.29355255321901663,0.2962008491536894,41.604492,,0.015304497824513569,
Monocytes/DC,T cells (naive/memory),C3,CR2,0.551648,0.0,0.10259069,0.577540962893545,2.9508374050264106,-3.3188388,1.0322102,0.010599262459915689,
Monocytes/DC,T cells (naive/memory),CCL18,CCR3,0.32768446,0.0,-0.009960889,0.38293393268643966,2.526310117844167,0.38036078,,0.009163596946758196,
Monocytes/DC,T cells (naive/memory),CCL2,CCR3,0.2111996,0.0,-0.006498521,0.26253917769079993,1.8665384371109697,0.4445204,,0.007070387620923245,
Monocytes/DC,T cells (naive/memory),CCL21,CXCR3,0.112599224,0.0,-0.011158979,0.12124535204107074,0.8055407677775108,1.5481932,,0.007070387620923245,
Monocytes/DC,T cells (naive/memory),CCL3,CCR3,0.32682574,0.0,-0.009935364,0.3390684128037245,0.9645647974309779,0.33852813,,0.012184007268614969,
Monocytes/DC,T cells (naive/memory),CCL8,ACKR1,0.04405162,0.0,-0.016321363,0.12824078812724912,0.825696292055766,7.1670747,,0.007070387620923245,
Monocytes/DC,T cells (naive/memory),CCL8,CCR2,0.079104125,0.0,-0.003759369,0.16346605588468155,1.9958938543363787,2.3920746,,0.007070387620923245,
Monocytes/DC,T cells (naive/memory),CCL8,CCR5,0.01604326,0.0,-0.026358902,0.10038657101176451,1.3618805573933805,19.272463,,0.007070387620923245,
Monocytes/DC,T cells (naive/memory),CXCL10,CCR3,0.101478554,0.0,-0.0032371995,0.16777549741280592,1.6142218741213792,4.650335,,0.007070387620923245,
Monocytes/DC,T cells (naive/memory),CXCL10,CXCR3,0.08801202,0.0,-0.009103736,0.14206031309512002,1.2594140860249101,22.268686,,0.007070387620923245,
Monocytes/DC,T cells (naive/memory),CXCL13,CXCR5,0.097193755,0.0,-0.003654659,0.1114207278073011,0.23130157296601528,0.37387815,,0.019556206491776557,
Monocytes/DC,T cells (naive/memory),CXCL2,CXCR1,0.3095233,0.0,-0.04340672,0.32115120328434393,0.43402134341719023,19.193298,,0.009020138315057482,
Monocytes/DC,T cells (naive/memory),CXCL8,CD79A,0.674778,0.0,0.45461112,0.6911122176642401,2.4409194670026264,5.691537,1.0150468,0.0005157316699145613,
Monocytes/DC,T cells (naive/memory),CXCL8,CXCR1,0.3189578,0.0,-0.044606544,0.33636690972772276,0.30961738909944225,19.5502,,0.01417133571638637,
Monocytes/DC,T cells (naive/memory),CXCL9,ACKR1,0.018207189,0.0,-0.011613282,0.09750830928618245,0.7195389310536555,2.1434147,,0.007070387620923245,
Monocytes/DC,T cells (naive/memory),FN1,CD79A,0.79700935,0.0,0.6130359,0.7970136378893524,2.4252594588968317,5.5239186,1.0129305,0.0005580225171967644,
Monocytes/DC,T cells (naive/memory),FN1,ITGA2,0.4621749,0.0,-0.020447629,0.47377050400541915,1.448542245650108,0.36625165,,0.010060614410133506,
Monocytes/DC,T cells (naive/memory),HLA-DPA1,LAG3,0.5979358,0.0,-0.06357327,0.5979564059319615,0.5736644312285968,2.1863182,,0.007070387620923245,
Monocytes/DC,T cells (naive/memory),HLA-DPB1,LAG3,0.54343444,0.0,-0.058015577,0.5434648593081421,0.4704625272342351,2.1542468,,0.007676375431035619,
Monocytes/DC,T cells (naive/memory),HLA-DQA1,LAG3,0.5134408,0.0,-0.054957017,0.5134595117875493,0.6346988519992487,2.2760122,,0.007070387620923245,
Monocytes/DC,T cells (naive/memory),HLA-DQB1,LAG3,0.52699095,0.0,-0.056338776,0.5270325726013204,0.5279370172628925,2.0558968,,0.007070387620923245,
Monocytes/DC,T cells (naive/memory),HLA-DRA,LAG3,0.62959516,0.0,-0.06680169,0.6296302504265574,0.5212900310442619,2.0378969,,0.007070387620923245,
Monocytes/DC,T cells (naive/memory),HLA-DRB1,LAG3,0.64955837,0.0,-0.068837404,0.6495796970873058,0.6722395339639267,2.3339195,,0.007070387620923245,
Monocytes/DC,T cells (naive/memory),HLA-DRB5,LAG3,0.44438905,0.0,-0.047915567,0.4444208698157252,0.7319810263323694,2.3553789,,0.007070387620923245,
Monocytes/DC,T cells (naive/memory),IL10,CD70,0.20058122,0.0,-0.011075463,0.24561579406302206,1.2148858404133502,0.8125365,,0.007070387620923245,
Monocytes/DC,T cells (naive/memory),LGALS3,LAG3,0.40470502,0.0,-0.043868847,0.4047092091365422,0.43407394306192126,2.7548432,,0.00898453840458261,
Monocytes/DC,T cells (resting),ADM,RAMP1,0.2770337,0.0,-0.03868568,0.29775044560621217,0.3072063568504464,1.5669998,,0.01447391585095158,
Monocytes/DC,T cells (resting),APOE,LRP8,0.53090745,0.0,-0.052354053,0.5344576145172588,0.9092959588835496,1.0896899,,0.007070387620923245,
Monocytes/DC,T cells (resting),C3,CR2,0.48703283,0.0,-0.026741281,0.4936769253047492,1.8420766042328125,0.86508834,,0.007070387620923245,
Monocytes/DC,T cells (resting),CCL18,CCR3,0.32349238,0.0,-0.015580223,0.36679620953441866,0.8648442923470152,0.5949374,,0.007070387620923245,
Monocytes/DC,T cells (resting),CCL2,CCR3,0.20700751,0.0,-0.010164595,0.2464014545387789,0.20507261161381773,0.69529206,,0.02153841355437071,
Monocytes/DC,T cells (resting),CCL20,CCR6,0.028537732,0.0,-0.00068467314,0.052281353222042304,0.36306063536051725,0.69279575,,0.013824349635053858,
Monocytes/DC,T cells (resting),CCL20,CXCR3,0.03798499,0.0,0.0005860895,0.061729173951370814,0.726259940567721,0.16729721,1.7031556,0.037390383535611374,
Monocytes/DC,T cells (resting),CCL8,ACKR1,0.044628985,0.0,-0.01611445,0.12884019267561914,1.16251954486486,7.076214,,0.007070387620923245,
Monocytes/DC,T cells (resting),CCL8,CCR2,0.069578536,0.0,-0.0071731163,0.15394004731067334,1.861810083845672,4.564231,,0.007070387620923245,
Monocytes/DC,T cells (resting),CCL8,CCR5,0.0639382,0.0,-0.009194482,0.1482837662752588,1.9076250206769998,6.7225986,,0.007070387620923245,
Monocytes/DC,T cells (resting),CD14,RIPK1,0.7693435,0.0,-0.043303654,0.7693927101423265,1.7714728654923237,-1.6922733,,0.044477269862380875,
Monocytes/DC,T cells (resting),CXCL11,CCR5,0.0108101815,0.0,-0.0037422879,0.09778673155710765,2.147799070389973,0.8870382,,0.007070387620923245,
Monocytes/DC,T cells (resting),CXCL11,CXCR3,0.04082329,0.0,0.00063555734,0.1277997529913588,2.4897519957062944,0.15606482,1.6568968,0.04412016691410711,
Monocytes/DC,T cells (resting),CXCL2,CXCR1,0.30766818,0.0,-0.045939475,0.3187980846603755,0.29960742570367316,20.313215,,0.01509358627695287,
Monocytes/DC,T cells (resting),CXCL8,CXCR1,0.31710267,0.0,-0.04720931,0.33401379110375434,0.17520347138592518,20.69094,,0.02418634373393184,
Monocytes/DC,T cells (resting),CXCL9,ACKR1,0.018784553,0.0,-0.011466056,0.09810771383455248,1.0563621838627495,2.1162415,,0.007070387620923245,
Monocytes/DC,T cells (resting),CXCL9,CXCR3,0.068106875,0.0,0.001111075,0.14756430886844327,2.143420584991211,0.35372368,1.4282701,0.011105035873512994,
Monocytes/DC,T cells (resting),FN1,ITGA2,0.4597671,0.0,-0.025003018,0.46806018236140784,1.1804166791784056,0.44784638,,0.007070387620923245,
Monocytes/DC,T cells (resting),HLA-DPA1,LAG3,0.61520815,0.0,-0.020500956,0.6152514249958205,0.9035108288460791,0.70503867,,0.007070387620923245,
Monocytes/DC,T cells (resting),HLA-DPB1,LAG3,0.5607068,0.0,-0.018708723,0.5607598783720011,0.8003089248517175,0.6946963,,0.007070387620923245,
Monocytes/DC,T cells (resting),HLA-DQA1,LAG3,0.53071314,0.0,-0.017722407,0.5307545308514083,0.964545249616731,0.73396295,,0.007070387620923245,
Monocytes/DC,T cells (resting),HLA-DQB1,LAG3,0.5442633,0.0,-0.018167993,0.5443275916651794,0.8577834148803749,0.6629807,,0.007070387620923245,
Monocytes/DC,T cells (resting),HLA-DRA,LAG3,0.6468675,0.0,-0.021542048,0.6469252694904164,0.8511364286617442,0.6571761,,0.007070387620923245,
Monocytes/DC,T cells (resting),HLA-DRB1,LAG3,0.6668307,0.0,-0.02219852,0.6668747161511648,1.002085931581409,0.7526368,,0.007070387620923245,
Monocytes/DC,T cells (resting),HLA-DRB5,LAG3,0.4616614,0.0,-0.015451697,0.46171588887958415,1.0618274239498517,0.75955695,,0.007070387620923245,
Monocytes/DC,T cells (resting),IL10,CD70,0.18711059,0.0,-0.022581924,0.2278580763037444,0.4713527546769454,1.6566926,,0.007582043212214382,
Monocytes/DC,T cells (resting),LGALS3,LAG3,0.42197737,0.0,-0.01414672,0.4220042282004011,0.7639203406794036,0.8883753,,0.007070387620923245,
NK/Cytotoxic T cells,Activated T cells,CCL5,CXCR3,0.24116072,0.0,0.027033092,0.24116441688287293,0.42510129900068344,2.14655,1.0647244,0.009455640967838515,
NK/Cytotoxic T cells,Activated T cells,CXCL13,ACKR1,0.041503984,0.0,-0.0052989703,0.04971421747276873,0.13041382295102144,0.4968588,,0.029506904282509277,
NK/Cytotoxic T cells,Activated T cells,TNF,NOTCH1,0.039213866,0.0,0.0014241464,0.03968981357683369,0.5253596807002243,0.87720346,1.3602686,0.023229681100076262,
NK/Cytotoxic T cells,Macrophages,BTLA,CD79A,0.044147063,0.0,-0.00014597272,0.044726159004746,0.373354395854944,0.1527018,,0.0461476677103248,
NK/Cytotoxic T cells,Macrophages,CCL4,CNR2,0.104703605,0.0,-0.008715055,0.10845061057562408,0.13372419337778985,72.442085,,0.029161545550989952,
NK/Cytotoxic T cells,Macrophages,CCL5,ACKR1,0.2048458,0.0,-0.0032960097,0.2064983239785838,0.3861306132508588,0.15172748,,0.046879671956847835,
NK/Cytotoxic T cells,Macrophages,CD40LG,CD9,0.08065677,0.0,-0.008181841,0.08066583103964296,0.5538377593552387,0.19030567,,0.02959372115446443,
NK/Cytotoxic T cells,Macrophages,SCGB3A1,MARCO,0.06467281,0.0,-0.0059969323,0.070303926596994,0.182565398816247,0.16504921,,0.038755143931618614,
NK/Cytotoxic T cells,Macrophages,TNF,FFAR2,0.029825255,0.0,0.00048770168,0.04470309296738531,0.8851171997876399,0.45361853,1.826774,0.018926935418413116,
NK/Cytotoxic T cells,Macrophages,TNFSF9,HLA-DPA1,0.14914292,0.0,0.008772923,0.14985413750042934,0.8272930829876275,0.40419254,1.1194578,0.007739750743500959,
NK/Cytotoxic T cells,Monocytes/DC,CCL3,CCR5,0.102841064,0.0,0.003193396,0.10284559680231796,0.16930177662991164,0.17884582,1.214874,0.03275493723083172,
NK/Cytotoxic T cells,Monocytes/DC,CCL4,CNR2,0.09197675,0.0,-0.014950748,0.09347596995013967,-0.6964363644905299,124.27499,,0.01719872819639013,
NK/Cytotoxic T cells,Monocytes/DC,CD40LG,CD9,0.42132914,0.0,-0.0357999,0.4213078382791509,0.8846989595123069,0.83268833,,0.007070387620923245,
NK/Cytotoxic T cells,Monocytes/DC,CP,SLC40A1,0.27517998,0.0,-0.013559133,0.2776544023871693,0.876166550180306,0.51305604,,0.007070387620923245,
NK/Cytotoxic T cells,Monocytes/DC,CSF2,CSF1R,0.7735766,0.0,-0.017826067,0.7925776233358791,2.1061768176748097,0.17041157,,0.015477928646107765,
NK/Cytotoxic T cells,Monocytes/DC,CSF2,CSF3R,0.5584742,0.0,-0.012905685,0.5789942584616089,2.8201171171689197,0.1700992,,0.010389237075687525,
NK/Cytotoxic T cells,Monocytes/DC,CXCL13,ACKR1,0.07775658,0.0,-0.008365266,0.08753574954390608,0.13121013979543683,0.78437054,,0.029420278566883534,
NK/Cytotoxic T cells,Monocytes/DC,GAL,HLA-DPA1,0.6193361,0.0,-0.010206966,0.6186902201930606,0.05080585156821216,0.32441068,,0.038015714377330555,
NK/Cytotoxic T cells,Monocytes/DC,IL6,FCGR3B,0.21545696,0.0,-0.02361881,0.2441073144582742,0.7569683839337855,1.5119654,,0.007070387620923245,
NK/Cytotoxic T cells,Monocytes/DC,L1CAM,CD9,0.4268276,0.0,-0.026087463,0.4353739994478038,0.8947060112401855,0.4924768,,0.007070387620923245,
NK/Cytotoxic T cells,Monocytes/DC,SAA1,CD36,0.47604004,0.0,-0.044648863,0.47724113879021896,0.2834105892334846,1.0276456,,0.016005252064117882,
NK/Cytotoxic T cells,Monocytes/DC,SAA1,FPR1,0.58407867,0.0,-0.054326765,0.5852649634111294,0.97251405793395,1.0142306,,0.007070387620923245,
NK/Cytotoxic T cells,Monocytes/DC,SCGB3A1,MARCO,0.4064331,0.0,-0.030754542,0.4125858865590935,1.2400081688119824,0.8464349,,0.007070387620923245,
NK/Cytotoxic T cells,Monocytes/DC,TNF,FFAR2,0.16108508,0.0,0.0135799,0.22878314201406713,2.293872232665696,12.630866,1.0938156,0.006959550928048313,
NK/Cytotoxic T cells,Monocytes/DC,TNF,NOTCH1,0.059679933,0.0,0.0034654855,0.06015611649018847,0.2293762433895512,2.134567,1.2045059,0.019748010924045586,
NK/Cytotoxic T cells,Monocytes/DC,TNFSF9,HLA-DPA1,0.639969,0.0,0.04124561,0.6406662062514186,1.4602630953685778,1.9002979,1.0517615,0.006354192108759642,
NK/Cytotoxic T cells,NK/Cytotoxic T cells,CCL4,CCR5,0.09578644,0.0,-0.013084136,0.0957936224671243,0.2708357985704043,37.710316,,0.01712998211946235,
NK/Cytotoxic T cells,NK/Cytotoxic T cells,CCL4,CNR2,0.10038526,0.0,-0.010830882,0.10337083793605507,-0.03928580902285572,90.02946,,0.027491307133210432,
NK/Cytotoxic T cells,NK/Cytotoxic T cells,CCL5,ACKR1,0.18929356,0.0,-0.01628476,0.19027311005441608,0.21134171969586618,0.74964756,,0.020995740630166435,
NK/Cytotoxic T cells,NK/Cytotoxic T cells,CCL5,CCR5,0.18208799,0.0,-0.022302635,0.18208860684785522,0.24251173221221162,1.7094499,,0.018926935418413116,
NK/Cytotoxic T cells,NK/Cytotoxic T cells,TNF,NOTCH1,0.077850595,0.0,0.005277875,0.07833054625522165,0.9727964000403253,3.250909,1.1595254,0.007070387620923245,
NK/Cytotoxic T cells,T cells (naive/memory),BTLA,CD79A,0.32321492,0.0,-0.0010520539,0.32380943534558543,1.150170879672348,1.1005516,,0.007070387620923245,
NK/Cytotoxic T cells,T cells (naive/memory),CCL20,CCR6,0.035226855,0.0,-0.003032646,0.041683905067594916,0.1823761590149986,3.068623,,0.023447884043820595,
NK/Cytotoxic T cells,T cells (naive/memory),CCL21,CCR7,0.04794931,0.0,-0.0055151093,0.04899436300225905,-0.007489573905754332,0.34137836,,0.04530453512464284,
NK/Cytotoxic T cells,T cells (naive/memory),CCL4,CCR5,0.048939906,0.0,-0.03603721,0.04894831140382992,-0.15123608513517828,103.864296,,0.024062666751916654,
NK/Cytotoxic T cells,T cells (naive/memory),CD40LG,CD40,0.061937988,0.0,-0.006664323,0.06331345374144963,0.8090580386711486,0.33003053,,0.012499726413000883,
NK/Cytotoxic T cells,T cells (naive/memory),CXCL13,CXCR5,0.08468194,0.0,-0.008951023,0.0915848652155824,0.4217167797938406,0.91570574,,0.009604253304348916,
NK/Cytotoxic T cells,T cells (naive/memory),FASLG,TNFRSF10B,0.041742504,0.0,-0.001303656,0.04461231105969097,0.6694500515815744,0.21351777,,0.025481587864799825,
NK/Cytotoxic T cells,T cells (resting),CCL21,CCR7,0.04054243,0.0,-0.004915909,0.04158435903911152,0.0494378263031473,0.30428863,,0.03833130491798301,
NK/Cytotoxic T cells,T cells (resting),CCL4,CCR5,0.09683484,0.0,-0.012570458,0.09684550666732421,0.394508378148441,36.229824,,0.01073472927724586,
NK/Cytotoxic T cells,T cells (resting),CCL4,CNR2,0.10174966,0.0,-0.010162378,0.1049744560303039,-0.05589215923182056,84.472664,,0.030917729526203364,
NK/Cytotoxic T cells,T cells (resting),CCL5,CCR5,0.18313639,0.0,-0.021427043,0.1831404910480551,0.3661843117902483,1.6423377,,0.012139397677823079,
NK/Cytotoxic T cells,T cells (resting),CCL5,CXCR3,0.21314949,0.0,0.0036389814,0.21315351248230624,0.7081372371065697,0.2889516,1.1985914,0.01589590829978744,
NK/Cytotoxic T cells,T cells (resting),FASLG,TNFRSF10B,0.03623084,0.0,-0.0023721906,0.03905693044592237,0.8677699636566261,0.38852644,,0.023814967230605093,
NK/Cytotoxic T cells,T cells (resting),TNF,ICOS,0.023027718,0.0,-0.0001903025,0.02351615990372175,0.6898122538162919,0.16528317,,0.04137246346773178,
T cells (naive/memory),Activated T cells,BTLA,CD247,0.033022948,0.0,0.0010899295,0.03381023821052766,0.2144612898240369,1.4267352,1.4341997,0.028819227373324638,
T cells (naive/memory),Activated T cells,CXCL11,ACKR1,0.04983876,0.0,-0.003210297,0.06046905676790054,0.2996090760523127,0.45701027,,0.015041200777437199,
T cells (naive/memory),Activated T cells,CXCL13,ACKR1,0.042799395,0.0,-0.004974344,0.051765600032722736,0.2961039105988994,0.46642014,,0.015357569288654246,
T cells (naive/memory),Activated T cells,PNOC,OPRL1,0.11790879,0.0,-0.0087705,0.16252671309531252,1.3687715783646568,4.8873897,,0.007070387620923245,
T cells (naive/memory),Macrophages,FCER2,CR2,0.20140669,0.0,-0.015396892,0.2131912680422498,1.2627064882344832,1.4173318,,0.007070387620923245,
T cells (naive/memory),Macrophages,PNOC,OPRL1,0.12846196,0.0,-0.0031037831,0.1797300186633394,1.7690905647503339,1.7295932,,0.007070387620923245,
T cells (naive/memory),Monocytes/DC,CCL4,CCR5,-0.013222776,0.9,-0.040624138,-0.01322355399028223,-0.5351664650838471,117.084465,,0.020631807425364527,
T cells (naive/memory),Monocytes/DC,CD24,SIGLEC10,0.432474,0.0,0.11504319,0.4348661694464099,2.3073952639847928,2.0183651,1.0303626,0.0060894263655707406,
T cells (naive/memory),Monocytes/DC,CD40LG,CD9,0.43088165,0.0,-0.018926453,0.43085834550256363,0.9047542666854675,0.44022015,,0.007070387620923245,
T cells (naive/memory),Monocytes/DC,CP,SLC40A1,0.27460143,0.0,-0.0142232645,0.275731130598898,0.664047942430646,0.5381857,,0.007070387620923245,
T cells (naive/memory),Monocytes/DC,CSF2,CSF1R,0.7608441,0.0,-0.057515573,0.7630014778582245,0.6317486583529726,0.54983073,,0.007070387620923245,
T cells (naive/memory),Monocytes/DC,CSF2,CSF3R,0.5457417,0.0,-0.041640025,0.5494181129839543,1.3456889578470825,0.5488229,,0.007070387620923245,
T cells (naive/memory),Monocytes/DC,CXCL1,CXCR2,0.14116736,0.0,-0.009313974,0.15192797625153476,0.4258298767845998,0.94557315,,0.009381984913561283,
T cells (naive/memory),Monocytes/DC,CXCL11,ACKR1,0.086091354,0.0,-0.005067964,0.09829058883903789,0.3004053928967281,0.72146326,,0.014936838980318445,
T cells (naive/memory),Monocytes/DC,CXCL13,ACKR1,0.07905199,0.0,-0.007852792,0.08958713210386009,0.2969002274433148,0.7363183,,0.015251564029454693,
T cells (naive/memory),Monocytes/DC,GAL,HLA-DPA1,0.6193358,0.0,-0.010207834,0.6186902201930613,0.10822497398340447,0.3244383,,0.03146153207197333,
T cells (naive/memory),Monocytes/DC,SAA1,CD36,0.47545964,0.0,-0.04580601,0.47613802381619386,0.19649863991565408,1.0542787,,0.021952270365013394,
T cells (naive/memory),Monocytes/DC,SAA1,FPR1,0.5834983,0.0,-0.055734735,0.5841618484371043,0.8856021086161194,1.040516,,0.007070387620923245,
T cells (naive/memory),Monocytes/DC,SCGB3A1,MARCO,0.4036449,0.0,-0.035489403,0.4073155208347786,0.9782712207796547,0.976749,,0.007070387620923245,
T cells (naive/memory),NK/Cytotoxic T cells,BTLA,CD247,0.15725262,0.0,0.0091046775,0.15803310039023363,0.6487118091910135,11.918169,1.1170043,0.007070387620923245,
T cells (naive/memory),NK/Cytotoxic T cells,FCER2,CR2,0.20372355,0.0,-0.013367457,0.21619792329936033,1.3340877387174834,1.2305161,,0.007070387620923245,
T cells (naive/memory),NK/Cytotoxic T cells,PNOC,OPRL1,0.113681,0.0,-0.011040687,0.15563665297503818,1.1879902691815465,6.152458,,0.007070387620923245,
T cells (naive/memory),T cells (naive/memory),CCL4,CNR2,-0.011688098,0.743,-0.041284695,0.012121575744585777,0.8755492630613247,343.17047,,0.00688616152019845,
T cells (naive/memory),T cells (naive/memory),CD40LG,CD40,0.07149051,0.0,-0.00352325,0.07286396096486238,0.8291133458443092,0.17447835,,0.03418455524503193,
T cells (naive/memory),T cells (naive/memory),CXCL13,CXCR5,0.08597736,0.0,-0.008402664,0.0936362477755364,0.5874068674417185,0.85960764,,0.007070387620923245,
T cells (naive/memory),T cells (naive/memory),LTF,IL1RL1,-0.079416186,1.0,0.0058857906,-0.07921215580853372,-4.165251238624167,81.94526,,0.04118369834185616,
T cells (naive/memory),T cells (naive/memory),PNOC,OPRL1,0.110198505,0.0,-0.01291068,0.14996043705760506,0.880475673317175,7.1945176,,0.007070387620923245,
T cells (naive/memory),T cells (resting),FCER2,CR2,0.20562416,0.0,-0.011702644,0.21866437555330498,1.4300775061728626,1.0772648,,0.007070387620923245,
T cells (naive/memory),T cells (resting),LTF,IL1RL1,-0.0757789,1.0,0.0054573584,-0.07517314583614987,-2.2927799677260756,75.98039,,0.048016605145720176,
T cells (naive/memory),T cells (resting),PNOC,OPRL1,0.11126514,0.0,-0.012337931,0.15169644540964541,0.9126029529796225,6.875352,,0.007070387620923245,
T cells (resting),Activated T cells,CCL5,ACKR1,0.021991994,0.0,-0.010188623,0.02653886429047493,0.5556037218647372,0.4690199,,0.03636534837337424,
T cells (resting),Activated T cells,CXCL13,ACKR1,0.042324856,0.0,-0.005093262,0.051016087018341066,0.19004750799296843,0.4775705,,0.022513322485102957,
T cells (resting),Activated T cells,TNF,ICOS,0.029591095,0.0,-0.007256709,0.02973278270627805,0.17296552000880183,6.3026605,,0.03210334959127399,
T cells (resting),Macrophages,BTLA,CD79A,0.03142628,0.0,-0.002433615,0.03184128267691258,0.02488557721368212,2.5458004,,0.04114943182739696,
T cells (resting),Monocytes/DC,CCL4,CCR5,0.016974501,0.026,-0.029223772,0.0169857508815571,-0.4270888757284493,84.22701,,0.03434193488764655,
T cells (resting),Monocytes/DC,CCL5,ACKR1,0.05824459,0.0,-0.01608436,0.06436039636161228,0.5564000387091526,0.7404224,,0.009455640967838515,
T cells (resting),Monocytes/DC,CP,SLC40A1,0.27472994,0.0,-0.014075769,0.27615280515631446,0.62516624070174,0.53260475,,0.007070387620923245,
T cells (resting),Monocytes/DC,CSF1,CSF3R,0.5383069,0.0,-0.05841869,0.5398412479977408,2.236179134604793,-2.3955114,,0.01598883395159222,
T cells (resting),Monocytes/DC,CSF2,CSF1R,0.761099,0.0,-0.056721177,0.7635917209504417,0.5947971717287048,0.54223657,,0.007070387620923245,
T cells (resting),Monocytes/DC,CSF2,CSF3R,0.54599655,0.0,-0.0410649,0.5500083560761715,1.3087374712228148,0.5412426,,0.007070387620923245,
T cells (resting),Monocytes/DC,CXCL13,ACKR1,0.07857745,0.0,-0.008040523,0.08883761908947842,0.19084382483738382,0.7539209,,0.022372062858296363,
T cells (resting),Monocytes/DC,GAL,HLA-DPA1,0.6197624,0.0,-0.009143827,0.6231929677093389,0.9160525479712793,0.29062065,,0.0155712366089546,
T cells (resting),Monocytes/DC,IL6,FCGR3B,0.22147617,0.0,-0.017839065,0.2546068848419432,1.5675275159667605,1.1419733,,0.007070387620923245,
T cells (resting),Monocytes/DC,L1CAM,CD9,0.42789578,0.0,-0.024200676,0.43709695338515925,0.9681984365483096,0.45685825,,0.007070387620923245,
T cells (resting),Monocytes/DC,PNOC,OPRL1,0.04575807,0.0,-0.0058113458,0.10801127736414692,0.9506931223090498,3.2383912,,0.007070387620923245,
T cells (resting),Monocytes/DC,SAA1,CD36,0.4770009,0.0,-0.042733137,0.47906122030956083,0.439725230736316,0.98355293,,0.008703518948132089,
T cells (resting),Monocytes/DC,SAA1,FPR1,0.58503956,0.0,-0.051995795,0.5870850449304713,1.1288286994367813,0.97071356,,0.007070387620923245,
T cells (resting),Monocytes/DC,SCGB3A1,MARCO,0.40372592,0.0,-0.035351824,0.4074673692192905,0.8902077794625425,0.97296256,,0.007070387620923245,
T cells (resting),T cells (naive/memory),BTLA,CD79A,0.31049412,0.0,-0.01753954,0.310924559017752,0.8017020610310861,18.348082,,0.007070387620923245,
T cells (resting),T cells (naive/memory),CCL20,CCR6,0.03002381,0.0,-0.004079493,0.03463446472107308,-0.0010666096980700424,4.1278896,,0.04482796296007679,
T cells (resting),T cells (naive/memory),CCL4,CNR2,0.01850918,0.002,-0.029698957,0.04233088061642511,0.9836268524167227,246.86644,,0.013763428107623182,
T cells (resting),T cells (naive/memory),CXCL13,CXCR5,0.08550282,0.0,-0.008603541,0.09288673476115474,0.4813504648357876,0.88015765,,0.007426758170314823,
T cells (resting),T cells (naive/memory),FCER2,CR2,0.024603663,0.0,-0.005464075,0.05094662535717619,0.4788599917037155,0.5029852,,0.014781315733725568,
T cells (resting),T cells (naive/memory),LTF,IL1RL1,-0.07952076,1.0,0.0059066927,-0.07933874942039176,-4.287716163873908,82.23627,,0.03776392417408471,
T cells (resting),T cells (resting),LTF,IL1RL1,-0.07588348,1.0,0.005476739,-0.07529973944800791,-2.4152448929758163,76.25021,,0.044601258347092804,
