,leiden_0.6,cell_type
CID3586_AAGACCTCAGCATGAG,0,Endothelial cells
CID3586_ACATGGTTCTTACCTA,1,CAFs
CID3586_AGTGGGATCCGTAGTA,2,PVL
CID3586_TTCTCCTTCTGAAAGA,3,Basal epithelial
CID3586_AAAGATGCAGGGAGAG,4,B cells
CID3586_CTGAAGTAGGCACATG,5,T cells
CID3586_ACGGGCTTCCCATTTA,6,Memory T cells
CID3586_AAAGATGCAAGCGCTC,7,Cycling T cells
CID3586_TTCTTAGGTGCCTGTG,8,Plasma cells
CID3586_ACTTTCAAGCTCCCAG,9,CD8 T cells
CID3586_AGATTGCTCTGGTGTA,10,NK cells
CID3586_CCCAATCGTAGAAGGA,11,Cycling epithelial
CID3586_AGCTCTCGTCATATGC,12,Epithelial (ambiguous)
CID3586_AAACCTGTCGTAGATC,13,Luminal epithelial
CID4530N_CTAGTGAAGGTGTTAA,14,Luminal epithelial
CID3586_GCTTCCATCGATGAGG,15,Epithelial (ambiguous)
CID4535_ACCGTAAAGGATCGCA,16,Luminal epithelial
CID4463_TGCCCTAAGATGAGAG,17,Luminal epithelial
CID4471_CTAGAGTCAGTATCTG,18,Luminal epithelial
CID3586_AACCATGCAGGTCGTC,19,Macrophages
CID4495_CATCAAGCAGTGACAG,20,Macrophages
CID4495_TCTTTCCCACCACCAG,21,"Unassigned (n=28, doublet/mixed-identity artefact)"
CID3586_ACGCCGAAGTTACCCA,22,pDC
CID3586_AACTCAGAGAGCTGGT,23,Epithelial (ambiguous)
CID4515_AAGACCTAGAGTCTGG,24,Epithelial (ambiguous)
CID45171_GCTCTGTGTTACGCGC,25,Luminal epithelial
CID4066_AGACGTTTCCGTACAA,26,Luminal epithelial
CID4465_TGAGCCGAGATCTGAA,27,Luminal epithelial
